<?xml version="1.0" encoding="UTF-8"?>
<project-private xmlns="http://www.netbeans.org/ns/project-private/1">
    <editor-bookmarks xmlns="http://www.netbeans.org/ns/editor-bookmarks/2" lastBookmarkId="0"/>
    <open-files xmlns="http://www.netbeans.org/ns/projectui-open-files/2">
        <group>
            <file>file:/C:/Users/Jason/Documents/NetBeansProjects/TransactionReaderApp/src/transactionreaderapp/RecordReader.java</file>
            <file>file:/C:/Users/Jason/Documents/NetBeansProjects/TransactionReaderApp/src/transactionreaderapp/RecordData.java</file>
            <file>file:/C:/Users/Jason/Documents/NetBeansProjects/TransactionReaderApp/src/transactionreaderapp/TransactionDriver.java</file>
            <file>file:/C:/Users/Jason/Documents/NetBeansProjects/TransactionReaderApp/src/transactionreaderapp/Menu.java</file>
            <file>file:/C:/Users/Jason/Documents/NetBeansProjects/TransactionReaderApp/src/transactionreaderapp/TransactionReaderApp.java</file>
        </group>
    </open-files>
</project-private>
