<?xml version="1.0" encoding="UTF-8"?>
<project-private xmlns="http://www.netbeans.org/ns/project-private/1">
    <editor-bookmarks xmlns="http://www.netbeans.org/ns/editor-bookmarks/2" lastBookmarkId="0"/>
    <open-files xmlns="http://www.netbeans.org/ns/projectui-open-files/2">
        <group>
            <file>file:/C:/Users/Jason/Documents/NetBeansProjects/ChatServer/src/chatserver/CredentialSS.java</file>
            <file>file:/C:/Users/Jason/Documents/NetBeansProjects/ChatServer/src/chatserver/ChatServer.java</file>
            <file>file:/C:/Users/Jason/Documents/NetBeansProjects/ChatServer/src/chatserver/FileReadWriter.java</file>
            <file>file:/C:/Users/Jason/Documents/NetBeansProjects/ChatServer/src/chatserver/ClientListener.java</file>
            <file>file:/C:/Users/Jason/Documents/NetBeansProjects/ChatServer/src/chatserver/ChatServerGUI.java</file>
        </group>
    </open-files>
</project-private>
