<?xml version="1.0" encoding="UTF-8"?>
<project-private xmlns="http://www.netbeans.org/ns/project-private/1">
    <editor-bookmarks xmlns="http://www.netbeans.org/ns/editor-bookmarks/2" lastBookmarkId="0"/>
    <open-files xmlns="http://www.netbeans.org/ns/projectui-open-files/2">
        <group>
            <file>file:/C:/Users/Jason/Documents/NetBeansProjects/USPresidents/src/uspresidents/SearchQueue.java</file>
            <file>file:/C:/Users/Jason/Documents/NetBeansProjects/USPresidents/src/uspresidents/ArrayUnboundedQueue.java</file>
            <file>file:/C:/Users/Jason/Documents/NetBeansProjects/USPresidents/src/uspresidents/USPrez.java</file>
            <file>file:/C:/Users/Jason/Documents/NetBeansProjects/USPresidents/src/uspresidents/QueueUnderflowException.java</file>
            <file>file:/C:/Users/Jason/Documents/NetBeansProjects/USPresidents/src/uspresidents/Menu.java</file>
            <file>file:/C:/Users/Jason/Documents/NetBeansProjects/USPresidents/src/uspresidents/USPresidents.java</file>
            <file>file:/C:/Users/Jason/Documents/NetBeansProjects/USPresidents/src/uspresidents/RecordReader.java</file>
        </group>
    </open-files>
</project-private>
